,0,1,2,3,4,5,6,7,8,9,0a,0b,0c,0d,0e,0f,10,11,12,13,14,15,16,17,18,19,1a,1b,1c,1d,1e,1f,20,21,22,23,24,25,26,27,28,29,2a,2b,2c,2d,2e,2f,30,31,32,33,34,35,36,37,38,39,3a,3b,3c,3d,3e,3f,40,41,42,43,44,45,46,47,48,49,4a,4b,4c,4d,4e,4f,50,51,52,53,54,55,56,57,58,59,5a,5b,5c,5d,5e,5f,60,61,62,63,64,65,66,67,68,69,6a,6b,6c,6d,6e,6f,70,71,72,73,74,75,76,77,78,79,7a,7b,7c,7d,7e,7f,80,81,82,83,84,85,86,87,88,89,8a,8b,8c,8d,8e,8f,90,91,92,93,94,95,96,97,98,99,9a,9b,9c,9d,9e,9f,a0,a1,a2,a3,a4,a5,a6,a7,a8,a9,aa,ab,ac,ad,ae,af,b0,b1,b2,b3,b4,b5,b6,b7,b8,b9,ba,bb,bc,bd,be,bf,c0,c1,c2,c3,c4,c5,c6,c7,c8,c9,ca,cb,cc,cd,ce,cf,d0,d1,d2,d3,d4,d5,d6,d7,d8,d9,da,db,dc,dd,de,df,e0,e1,e2,e3,e4,e5,e6,e7,e8,e9,ea,eb,ec,ed,ee,ef,f0,f1,f2,f3,f4,f5,f6,f7,f8,f9,fa,fb,fc,fd,fe,ff,size_x,Malware,HEADER:,.text:,.Pav:,.idata:,.data:,.bss:,.rdata:,.edata:,.rsrc:,.tls:,.reloc:,jmp,mov,retf,push,pop,xor,retn,nop,sub,inc,dec,add,imul,xchg,or,shr,cmp,call,shl,ror,rol,jnb,jz,lea,movzx,.dll,std::,:dword,edx,esi,eax,ebx,ecx,edi,ebp,esp,eip,size_y
0,3412,60,55,96,36,34,19,36,20,8,27,3,23,21,106,74,22,9,9,4,22,9,13,65,3,6,6,5,3,13,3,10,55,6,5,5,14,36,2,4,8,2,3,16,5,7,15,4,17,26,24,42,29,48,32,16,31,30,5,6,27,30,5,30,15,33,145,60,24,38,35,46,7,8,3,8,12,14,8,35,56,3,56,22,19,14,24,9,4,7,30,13,15,1,24,12,9,45,12,18,35,96,29,16,31,37,28,7,45,9,25,30,15,3,36,39,110,32,17,16,18,14,33,23,37,4,23,6,13,8,14,31,17,18,16,3,11,17,52,98,19,28,9,13,22,16,18,32,10,37,30,15,8,44,45,22,13,4,37,9,7,14,9,38,8,7,6,5,9,8,15,31,23,21,4,19,17,11,17,13,9,4,6,12,21,21,11,9,30,106,18,22,40,14,43,21,14,9,21,41,22,25,50,11,39,32,15,23,18,15,9,2,7,3,3,7,11,4,36,23,7,1,7,44,11,1,13,6,6,6,4,4,54,11,10,29,2,6,3,22,45,3,23,12,7,21,9,24,13,13,22,52,54,37,56,1009,0.043292999267578125,1,0,0,0,129,0,0,0,0,0,0,0,16,136,0,123,14,14,2,0,17,8,5,46,1,0,2,4,21,43,5,0,0,3,24,0,0,29,70,220,41,24,37,0,1,0,6,0,94,0.0286102294921875
